<?xml version="1.0" encoding="UTF-8"?>
<GenRun Id="synth_1" LaunchPart="xc7z020clg400-1" LaunchTime="1540529958">
  <File Type="RDS-PROPCONSTRS" Name="base_wrapper_drc_synth.rpt"/>
  <File Type="PA-TCL" Name="base_wrapper.tcl"/>
  <File Type="RDS-RDS" Name="base_wrapper.vds"/>
  <File Type="RDS-UTIL" Name="base_wrapper_utilization_synth.rpt"/>
  <File Type="RDS-UTIL-PB" Name="base_wrapper_utilization_synth.pb"/>
  <File Type="RDS-DCP" Name="base_wrapper.dcp"/>
  <File Type="VDS-TIMINGSUMMARY" Name="base_wrapper_timing_summary_synth.rpt"/>
  <File Type="VDS-TIMING-PB" Name="base_wrapper_timing_summary_synth.pb"/>
  <FileSet Name="sources" Type="DesignSrcs" RelSrcDir="$PSRCDIR/sources_1">
    <Filter Type="Srcs"/>
    <File Path="$PSRCDIR/sources_1/bd/base/base.bd">
      <FileInfo>
        <Attr Name="UsedIn" Val="synthesis"/>
        <Attr Name="UsedIn" Val="implementation"/>
        <Attr Name="UsedIn" Val="simulation"/>
      </FileInfo>
    </File>
    <File Path="$PSRCDIR/sources_1/bd/base/hdl/base_wrapper.v">
      <FileInfo>
        <Attr Name="UsedIn" Val="synthesis"/>
        <Attr Name="UsedIn" Val="implementation"/>
        <Attr Name="UsedIn" Val="simulation"/>
      </FileInfo>
    </File>
    <Config>
      <Option Name="DesignMode" Val="RTL"/>
      <Option Name="TopModule" Val="base_wrapper"/>
    </Config>
  </FileSet>
  <FileSet Name="constrs_in" Type="Constrs" RelSrcDir="$PSRCDIR/constrs_1">
    <Filter Type="Constrs"/>
    <File Path="$PSRCDIR/constrs_1/imports/constraints/base.xdc">
      <FileInfo>
        <Attr Name="ImportPath" Val="$PPRDIR/../../PYNQ-2.3/boards/Pynq-Z2/base/vivado/constraints/base.xdc"/>
        <Attr Name="ImportTime" Val="1536937552"/>
        <Attr Name="UsedIn" Val="synthesis"/>
        <Attr Name="UsedIn" Val="implementation"/>
      </FileInfo>
    </File>
    <Config>
      <Option Name="ConstrsType" Val="XDC"/>
    </Config>
  </FileSet>
  <Strategy Version="1" Minor="2">
    <StratHandle Name="Vivado Synthesis Defaults" Flow="Vivado Synthesis 2016"/>
    <Step Id="synth_design"/>
  </Strategy>
</GenRun>
